,name,player_y,dt,minutes,slug
0,John Wall,John Wall,2017-10-18,37.15,walljo01
79,Nikola Miroti?,Nikola Mirotic,2017-12-08,14.9,mirotni01
111,Nikola Miroti?,Tyler Dorsey,2018-03-04,30.95,mirotni01
112,Nikola Miroti?,Treveon Graham,2018-03-06,24.783333333333335,mirotni01
113,Nikola Miroti?,Enes Kanter,2018-03-13,30.9,mirotni01
114,Nikola Miroti?,Anthony Davis,2018-03-15,29.35,mirotni01
169,Nikola Miroti?,Kevin Durant,2019-02-27,26.816666666666666,mirotni01
170,Nikola Miroti?,Ersan Ilyasova,2019-03-01,22.083333333333332,mirotni01
171,Nikola Miroti?,Edmond Sumner,2019-03-02,27.183333333333334,mirotni01
185,Hassan Whiteside,Hassan Whiteside,2017-10-18,36.233333333333334,whiteha01
226,Hassan Whiteside,Maurice Harkless,2018-03-01,18.5,whiteha01
227,Hassan Whiteside,Jusuf Nurkic,2018-03-03,24.716666666666665,whiteha01
228,Hassan Whiteside,Lauri Markkanen,2018-03-05,24.983333333333334,whiteha01
229,Hassan Whiteside,Dwyane Wade,2018-03-08,28.666666666666668,whiteha01
295,Hassan Whiteside,Marcus Smart,2019-03-06,20.233333333333334,whiteha01
296,Hassan Whiteside,Nerlens Noel,2019-03-08,23.216666666666665,whiteha01
297,Hassan Whiteside,Yuta Watanabe,2019-03-13,19.7,whiteha01
298,Hassan Whiteside,Haywood Highsmith,2019-03-15,18.65,whiteha01
310,Jimmy Butler,Jimmy Butler,2017-10-18,35.43333333333333,butleji01
422,Jimmy Butler,Allen Crabbe,2019-03-02,36.65,butleji01
423,Jimmy Butler,Allonzo Trier,2019-03-06,35.96666666666667,butleji01
424,Jimmy Butler,Austin Rivers,2019-03-08,33.53333333333333,butleji01
462,Nerlens Noel,Ishmael Smith,2018-02-28,15.833333333333334,noelne01
463,Nerlens Noel,DeAndre Bembry,2018-03-06,25.6,noelne01
464,Nerlens Noel,Nikola Jokic,2018-03-11,15.166666666666666,noelne01
465,Nerlens Noel,Dirk Nowitzki,2018-03-13,20.016666666666666,noelne01
466,Nerlens Noel,J.J. Redick,2018-03-16,27.033333333333335,noelne01
525,Nerlens Noel,Danilo Gallinari,2019-03-03,7.616666666666666,noelne01
542,Otto Porter,Otto Porter,2017-10-18,33.166666666666664,porteot01
598,Otto Porter,Cory Joseph,2018-02-28,32.083333333333336,porteot01
599,Otto Porter,Joe Johnson,2018-03-09,25.966666666666665,porteot01
600,Otto Porter,Semi Ojeleye,2018-03-14,42.416666666666664,porteot01
663,Otto Porter,Wayne Ellington,2019-03-06,35.583333333333336,porteot01
664,Otto Porter,Georges Niang,2019-03-08,34.05,porteot01
665,Otto Porter,Frank Jackson,2019-03-12,32.56666666666667,porteot01
666,Otto Porter,Zaza Pachulia,2019-03-17,24.216666666666665,porteot01
667,Cody Zeller,Cody Zeller,2017-10-18,23.4,zelleco01
694,Cody Zeller,George Hill,2018-02-27,10.95,zelleco01
737,Cody Zeller,Josh Richardson,2019-02-27,33.88333333333333,zelleco01
738,Cody Zeller,Malcolm Miller,2019-03-01,23.916666666666668,zelleco01
739,Cody Zeller,Jaylen Adams,2019-03-06,29.366666666666667,zelleco01
740,Cody Zeller,Thomas Welsh,2019-03-08,21.783333333333335,zelleco01
741,José Calderón,Jose Calderon,2017-10-20,1.2333333333333334,caldejo01
783,José Calderón,Paul Zipser,2018-03-09,1.8,caldejo01
784,José Calderón,Kyle Collinsworth,2018-03-13,17.083333333333332,caldejo01
785,José Calderón,J.R. Smith,2018-03-17,36.166666666666664,caldejo01
848,José Calderón,Dzanan Musa,2019-03-06,3.466666666666667,caldejo01
853,Goran Dragi?,Goran Dragic,2017-10-18,30.616666666666667,dragigo01
908,Goran Dragi?,Gorgui Dieng,2018-03-01,34.71666666666667,dragigo01
909,Goran Dragi?,De'Aaron Fox,2018-03-03,31.0,dragigo01
910,Goran Dragi?,Darren Collison,2018-03-05,23.45,dragigo01
911,Goran Dragi?,Davis Bertans,2018-03-08,33.53333333333333,dragigo01
912,Goran Dragi?,Bismack Biyombo,2018-03-10,18.516666666666666,dragigo01
913,Goran Dragi?,Nick Collison,2018-03-12,30.75,dragigo01
914,Goran Dragi?,Vince Carter,2018-03-14,38.983333333333334,dragigo01
915,Goran Dragi?,C.J. Williams,2018-03-16,31.266666666666666,dragigo01
947,Goran Dragi?,Justin Anderson,2019-02-27,20.233333333333334,dragigo01
961,Victor Oladipo,Victor Oladipo,2017-10-18,24.55,oladivi01
1014,Victor Oladipo,Alfonzo McKinnie,2018-02-26,22.95,oladivi01
1015,Victor Oladipo,John Collins,2018-02-28,38.0,oladivi01
1016,Victor Oladipo,Jabari Parker,2018-03-04,39.45,oladivi01
1017,Victor Oladipo,Derrick Favors,2018-03-05,33.43333333333333,oladivi01
1018,Victor Oladipo,Shelvin Mack,2018-03-09,25.366666666666667,oladivi01
1019,Victor Oladipo,Solomon Hill,2018-03-11,35.65,oladivi01
1073,Lou Williams,Louis Williams,2017-10-19,24.683333333333334,willilo02
1128,Lou Williams,Jerian Grant,2018-02-27,36.0,willilo02
1129,Lou Williams,Dante Cunningham,2018-03-04,33.016666666666666,willilo02
1130,Lou Williams,Torrey Craig,2018-03-06,34.483333333333334,willilo02
1131,Lou Williams,Patrick Patterson,2018-03-10,34.5,willilo02
1197,Lou Williams,Karl-Anthony Towns,2019-02-27,33.833333333333336,willilo02
1198,Lou Williams,Alex Len,2019-03-01,28.166666666666668,willilo02
1199,Lou Williams,Jason Smith,2019-03-04,29.85,willilo02
1200,Lou Williams,Tony Parker,2019-03-08,34.1,willilo02
1201,Lou Williams,Dwight Powell,2019-03-12,26.583333333333332,willilo02
1267,Zaza Pachulia,DeMar DeRozan,2018-02-26,14.483333333333333,pachuza01
1268,Zaza Pachulia,Alex Abrines,2018-02-28,5.383333333333334,pachuza01
1269,Zaza Pachulia,Kent Bazemore,2018-03-02,9.0,pachuza01
1271,Zaza Pachulia,Jaylen Brown,2018-03-11,25.45,pachuza01
1272,Zaza Pachulia,Kyrie Irving,2018-03-14,23.283333333333335,pachuza01
1273,Zaza Pachulia,Corey Brewer,2018-03-16,17.1,pachuza01
1274,Zaza Pachulia,Alec Peters,2018-03-17,16.85,pachuza01
1330,Zaza Pachulia,Emmanuel Mudiay,2019-03-03,10.016666666666667,pachuza01
1347,Carmelo Anthony,Carmelo Anthony,2017-10-19,33.68333333333333,anthoca01
1404,Carmelo Anthony,Quinn Cook,2018-03-02,31.316666666666666,anthoca01
1405,Carmelo Anthony,Caris LeVert,2018-03-08,25.566666666666666,anthoca01
1433,Kyle Lowry,Kyle Lowry,2017-10-19,31.333333333333332,lowryky01
1485,Kyle Lowry,Paul Millsap,2018-03-07,41.35,lowryky01
1556,Kyle Lowry,Mario Hezonja,2019-02-26,35.333333333333336,lowryky01
1557,Kyle Lowry,PJ Dozier,2019-03-03,42.06666666666667,lowryky01
1558,Kyle Lowry,Melvin Frazier,2019-03-05,41.53333333333333,lowryky01
1559,Kyle Lowry,Ryan Arcidiacono,2019-03-08,34.45,lowryky01
1583,Gerald Green,Gerald Green,2017-12-31,21.933333333333334,greenge01
1696,Julius Randle,Julius Randle,2017-10-19,17.966666666666665,randlju01
1754,Julius Randle,Marquese Chriss,2018-03-05,33.583333333333336,randlju01
1755,Julius Randle,E'Twaun Moore,2018-03-07,30.166666666666668,randlju01
1756,Julius Randle,Ante Zizic,2018-03-11,37.983333333333334,randlju01
1757,Julius Randle,Tony Bradley,2018-03-13,39.1,randlju01
1824,Julius Randle,Davon Reed,2019-02-27,39.78333333333333,randlju01
1825,Julius Randle,Shaun Livingston,2019-03-02,37.916666666666664,randlju01
1826,Julius Randle,Kosta Koufos,2019-03-04,38.81666666666667,randlju01
1827,Julius Randle,Richaun Holmes,2019-03-06,35.36666666666667,randlju01
1828,Julius Randle,Glenn Robinson III,2019-03-08,32.35,randlju01
1837,Pau Gasol,Pau Gasol,2017-10-18,28.8,gasolpa01
1895,Pau Gasol,Reggie Jackson,2018-03-03,32.666666666666664,gasolpa01
1896,Pau Gasol,Tyson Chandler,2018-03-05,23.666666666666668,gasolpa01
1897,Pau Gasol,Patrick Beverley,2018-03-10,24.566666666666666,gasolpa01
1898,Pau Gasol,Terrance Ferguson,2018-03-13,15.0,gasolpa01
1996,DeMar DeRozan,Bogdan Bogdanovic,2018-03-07,43.31666666666667,derozde01
1997,DeMar DeRozan,Harry Giles,2018-03-16,41.4,derozde01
2074,DeMar DeRozan,Jae Crowder,2019-03-06,34.5,derozde01
2075,DeMar DeRozan,Dairis Bertans,2019-03-15,25.583333333333332,derozde01
2094,Marcin Gortat,Marcin Gortat,2017-10-18,34.43333333333333,gortama01
2154,Marcin Gortat,Jayson Tatum,2018-02-28,13.55,gortama01
2155,Marcin Gortat,Ian Clark,2018-03-09,16.383333333333333,gortama01
2156,Marcin Gortat,Jordan Mickey,2018-03-14,24.866666666666667,gortama01
2219,Bobby Portis,Bobby Portis,2017-11-07,24.383333333333333,portibo01
2269,Bobby Portis,Joel Embiid,2018-03-13,27.116666666666667,portibo01
2311,Bobby Portis,Mikal Bridges,2019-03-01,27.716666666666665,portibo01
2312,Bobby Portis,Kenrich Williams,2019-03-06,21.7,portibo01
2313,Bobby Portis,Thon Maker,2019-03-08,25.233333333333334,portibo01
2314,Bobby Portis,Jeremy Lamb,2019-03-11,33.31666666666667,portibo01
2315,Bobby Portis,Sam Dekker,2019-03-13,22.6,portibo01
2329,Marvin Williams,Marvin Williams,2017-10-18,26.65,willima02
2385,Marvin Williams,Thaddeus Young,2018-03-17,23.233333333333334,willima02
2454,Marvin Williams,Bojan Bogdanovic,2019-02-27,33.45,willima02
2455,Marvin Williams,Meyers Leonard,2019-03-01,38.35,willima02
2456,Marvin Williams,De'Anthony Melton,2019-03-06,35.35,willima02
2457,Marvin Williams,Deng Adel,2019-03-08,31.716666666666665,willima02
2458,Marvin Williams,Cameron Reynolds,2019-03-17,27.75,willima02
2466,Tobias Harris,Tobias Harris,2017-10-18,34.05,harrito02
2519,Tobias Harris,Taurean Prince,2018-02-28,35.95,harrito02
2520,Tobias Harris,Trey Lyles,2018-03-09,32.733333333333334,harrito02
2593,Tobias Harris,Damyean Dotson,2019-03-06,36.35,harrito02
2594,Tobias Harris,Jon Leuer,2019-03-08,33.56666666666667,harrito02
2595,Tobias Harris,Kris Dunn,2019-03-12,39.0,harrito02
2669,Dwyane Wade,Thomas Bryant,2018-03-01,25.633333333333333,wadedw01
2670,Dwyane Wade,Joffrey Lauvergne,2018-03-05,21.566666666666666,wadedw01
2735,Dwyane Wade,Kemba Walker,2019-02-27,25.75,wadedw01
2737,Dwyane Wade,Ryan Anderson,2019-03-02,22.5,wadedw01
2738,Dwyane Wade,Juan Hernangomez,2019-03-04,31.2,wadedw01
2739,Dwyane Wade,Luke Kornet,2019-03-06,29.85,wadedw01
2753,Frank Kaminsky,Frank Kaminsky,2017-10-18,23.2,kaminfr01
2807,Frank Kaminsky,Greg Monroe,2018-02-28,24.6,kaminfr01
2808,Frank Kaminsky,Udonis Haslem,2018-03-10,20.383333333333333,kaminfr01
2810,Frank Kaminsky,Blake Griffin,2018-03-15,19.783333333333335,kaminfr01
2849,Frank Kaminsky,Mike Muscala,2019-03-01,24.083333333333332,kaminfr01
2850,Frank Kaminsky,Grayson Allen,2019-03-06,23.4,kaminfr01
2851,Frank Kaminsky,Naz Long,2019-03-08,15.35,kaminfr01
2852,Frank Kaminsky,Wenyen Gabriel,2019-03-17,30.466666666666665,kaminfr01
2865,T.J. McConnell,T.J. McConnell,2017-10-18,14.916666666666666,mccontj01
2914,T.J. McConnell,Robert Covington,2018-02-27,24.133333333333333,mccontj01
2916,T.J. McConnell,James Webb III,2018-03-08,19.85,mccontj01
2917,T.J. McConnell,Larry Nance Jr.,2018-03-13,21.266666666666666,mccontj01
2918,T.J. McConnell,Chris Paul,2018-03-15,22.65,mccontj01
2993,T.J. McConnell,Wesley Iwundu,2019-02-28,17.05,mccontj01
2994,T.J. McConnell,Justin Jackson,2019-03-02,18.583333333333332,mccontj01
2996,T.J. McConnell,Boban Marjanovic,2019-03-10,13.016666666666667,mccontj01
2997,T.J. McConnell,Patrick Mills,2019-03-12,10.333333333333334,mccontj01
2998,T.J. McConnell,Joe Chealey,2019-03-17,17.55,mccontj01
3079,Patrick Patterson,Reggie Bullock,2018-03-02,16.683333333333334,pattepa01
3080,Patrick Patterson,Trey McKinney Jones,2018-03-02,16.683333333333334,pattepa01
3153,Patrick Patterson,Brandon Goodwin,2019-02-28,4.583333333333333,pattepa01
3154,Patrick Patterson,Elie Okobo,2019-03-16,1.15,pattepa01
3214,Kemba Walker,Yogi Ferrell,2018-03-10,39.38333333333333,walkeke02
3284,Kemba Walker,Marcus Morris,2019-03-01,37.9,walkeke02
3285,Kemba Walker,Jarrett Allen,2019-03-06,37.1,walkeke02
3286,Kemba Walker,Damion Lee,2019-03-08,36.11666666666667,walkeke02
3300,DeMarre Carroll,DeMarre Carroll,2017-10-18,27.516666666666666,carrode01
3355,DeMarre Carroll,Matthew Dellavedova,2018-03-04,28.65,carrode01
3356,DeMarre Carroll,Damian Jones,2018-03-11,24.783333333333335,carrode01
3413,DeMarre Carroll,Aaron Holiday,2019-03-02,19.416666666666668,carrode01
3415,DeMarre Carroll,Collin Sexton,2019-03-16,19.733333333333334,carrode01
3537,Jordan Clarkson,Jordan Clarkson,2017-10-19,22.516666666666666,clarkjo01
3594,Jordan Clarkson,Jeremy Lin,2018-02-27,21.016666666666666,clarkjo01
3597,Jordan Clarkson,Antonius Cleveland,2018-03-11,16.383333333333333,clarkjo01
3598,Jordan Clarkson,TJ Leaf,2018-03-13,26.766666666666666,clarkjo01
3600,Jordan Clarkson,Kevin Love,2018-03-17,31.516666666666666,clarkjo01
3690,Jordan Clarkson,Hamidou Diallo,2019-02-28,28.95,clarkjo01
3691,Jordan Clarkson,Jared Dudley,2019-03-02,23.2,clarkjo01
3692,Jordan Clarkson,Frank Ntilikina,2019-03-06,26.1,clarkjo01
3693,Jordan Clarkson,Garrett Temple,2019-03-08,28.766666666666666,clarkjo01
3695,Jordan Clarkson,Malik Beasley,2019-03-14,26.75,clarkjo01
3708,Jonas Valan?i?nas,Jonas Valanciunas,2017-10-19,30.5,valanjo01
3759,Jonas Valan?i?nas,Fred VanVleet,2018-03-07,31.466666666666665,valanjo01
3760,Jonas Valan?i?nas,Dennis Smith Jr.,2018-03-13,26.683333333333334,valanjo01
3761,Jonas Valan?i?nas,Ben Simmons,2018-03-15,27.333333333333332,valanjo01
3816,Jonas Valan?i?nas,Damian Lillard,2019-02-27,26.883333333333333,valanjo01
3817,Jonas Valan?i?nas,Donte Grantham,2019-03-03,32.233333333333334,valanjo01
3818,Jonas Valan?i?nas,Ekpe Udoh,2019-03-08,25.033333333333335,valanjo01
3819,Jonas Valan?i?nas,Wesley Matthews,2019-03-16,28.583333333333332,valanjo01
3827,Ramon Sessions,Ramon Sessions,2017-10-19,20.633333333333333,sessira01
3841,Ramon Sessions,Dewayne Dedmon,2018-03-13,16.116666666666667,sessira01
3842,Ramon Sessions,Skal Labissiere,2018-03-17,18.066666666666666,sessira01
3900,Larry Nance,Wayne Selden,2018-03-07,37.083333333333336,nancela02
3901,Larry Nance,Milton Doyle,2018-03-11,26.1,nancela02
3982,Larry Nance,Marco Belinelli,2019-03-06,32.9,nancela02
3995,Nicolas Batum,Nicolas Batum,2017-11-15,32.06666666666667,batumni01
4039,Nicolas Batum,David West,2018-02-28,29.066666666666666,batumni01
4040,Nicolas Batum,Markieff Morris,2018-03-13,41.5,batumni01
4041,Nicolas Batum,Will Barton,2018-03-15,40.35,batumni01
4042,Nicolas Batum,Rajon Rondo,2018-03-17,25.1,batumni01
4108,Nicolas Batum,Kenneth Faried,2019-02-27,41.15,batumni01
4109,Nicolas Batum,Rondae Hollis-Jefferson,2019-03-01,39.68333333333333,batumni01
4120,Doug McDermott,Doug McDermott,2017-10-19,23.816666666666666,mcderdo01
4180,Doug McDermott,Trey Burke,2018-03-02,23.8,mcderdo01
4181,Doug McDermott,Wesley Johnson,2018-03-04,33.95,mcderdo01
4183,Doug McDermott,Mason Plumlee,2018-03-13,21.25,mcderdo01
4184,Doug McDermott,Cameron Payne,2018-03-17,41.93333333333333,mcderdo01
4252,Doug McDermott,Willie Cauley-Stein,2019-02-27,18.183333333333334,mcderdo01
4253,Doug McDermott,Theo Pinson,2019-02-27,18.183333333333334,mcderdo01
4255,Doug McDermott,Russell Westbrook,2019-03-05,12.633333333333333,mcderdo01
4328,Garrett Temple,Jameer Nelson,2018-03-09,30.066666666666666,templga01
4329,Garrett Temple,London Perrantes,2018-03-11,19.8,templga01
4386,Garrett Temple,Trae Young,2019-03-03,18.116666666666667,templga01
4387,Garrett Temple,Julian Washburn,2019-03-08,17.8,templga01
4405,Taj Gibson,Taj Gibson,2017-10-18,27.15,gibsota01
4468,Taj Gibson,Shaquille Harrison,2018-03-02,39.3,gibsota01
4469,Taj Gibson,Kyle Anderson,2018-03-13,27.3,gibsota01
4470,Taj Gibson,Myles Turner,2018-03-17,32.833333333333336,gibsota01
4546,Taj Gibson,Monte Morris,2019-03-06,15.333333333333334,gibsota01
4547,Taj Gibson,Al-Farouq Aminu,2019-03-12,20.783333333333335,gibsota01
4548,Taj Gibson,Tyus Jones,2019-03-14,17.983333333333334,gibsota01
4610,Wesley Matthews,Danny Green,2018-02-28,42.05,matthwe02
4661,Wesley Matthews,Clint Capela,2019-02-27,37.05,matthwe02
4662,Wesley Matthews,Kristaps Porzingis,2019-03-02,31.583333333333332,matthwe02
4664,Wesley Matthews,Moritz Wagner,2019-03-12,36.96666666666667,matthwe02
4679,Nikola Vu?evi?,Nikola Vucevic,2017-10-18,31.616666666666667,vucevni01
4714,Nikola Vu?evi?,Alex Poythress,2018-02-26,32.8,vucevni01
4715,Nikola Vu?evi?,Draymond Green,2018-02-28,29.25,vucevni01
4718,Nikola Vu?evi?,Avery Bradley,2018-03-10,29.65,vucevni01
4719,Nikola Vu?evi?,Jonathan Isaac,2018-03-14,33.35,vucevni01
4720,Nikola Vu?evi?,Daniel Hamilton,2018-03-16,28.666666666666668,vucevni01
4788,Nikola Vu?evi?,Isaiah Thomas,2019-03-02,32.05,vucevni01
4791,Nikola Vu?evi?,Jerryd Bayless,2019-03-17,34.3,vucevni01
4807,Jerami Grant,Jerami Grant,2017-10-19,20.516666666666666,grantje01
4868,Jerami Grant,Giannis Antetokounmpo,2018-03-12,20.75,grantje01
4940,Jerami Grant,Tyler Cavanaugh,2019-02-28,37.03333333333333,grantje01
4941,Jerami Grant,Johnathan Motley,2019-03-08,30.083333333333332,grantje01
4943,Jerami Grant,Brandon Knight,2019-03-16,24.483333333333334,grantje01
4961,Jahlil Okafor,Jahlil Okafor,2017-11-07,3.1333333333333333,okafoja01
5024,Jahlil Okafor,Tim Hardaway Jr.,2019-02-27,3.4166666666666665,okafoja01
5026,Jahlil Okafor,Marvin Bagley III,2019-03-15,12.033333333333333,okafoja01
5095,Bismack Biyombo,Ian Mahinmi,2018-02-28,17.983333333333334,biyombi01
5097,Bismack Biyombo,Frank Mason III,2018-03-07,13.266666666666667,biyombi01
5144,Bismack Biyombo,Brandon Sampson,2019-02-27,12.066666666666666,biyombi01
5145,Bismack Biyombo,Brad Wanamaker,2019-03-01,4.95,biyombi01
5147,Bismack Biyombo,Michael Porter Jr.,2019-03-06,7.866666666666666,biyombi01
5148,Bismack Biyombo,Kevin Knox,2019-03-15,16.533333333333335,biyombi01
5161,Kelly Oubre,Kelly Oubre Jr.,2017-10-18,32.483333333333334,oubreke01
5221,Kelly Oubre,Tyrone Wallace,2018-02-27,23.116666666666667,oubreke01
5222,Kelly Oubre,Delon Wright,2018-02-28,34.45,oubreke01
5223,Kelly Oubre,Luc Mbah a Moute,2018-03-09,33.43333333333333,oubreke01
5225,Kelly Oubre,Marshall Plumlee,2018-03-14,25.366666666666667,oubreke01
5226,Kelly Oubre,Dwight Howard,2018-03-17,18.033333333333335,oubreke01
5305,Kelly Oubre,Stanley Johnson,2019-03-02,29.666666666666668,oubreke01
5306,Kelly Oubre,Tyler Lydon,2019-03-04,32.583333333333336,oubreke01
5369,Cory Joseph,Sterling Brown,2018-03-04,37.5,josepco01
5370,Cory Joseph,Alex Caruso,2018-03-05,34.36666666666667,josepco01
5371,Cory Joseph,Luol Deng,2018-03-09,35.18333333333333,josepco01
5373,Cory Joseph,Manu Ginobili,2018-03-13,33.166666666666664,josepco01
5374,Cory Joseph,James Ennis,2018-03-15,25.666666666666668,josepco01
5456,Cory Joseph,Donte DiVincenzo,2019-02-27,31.55,josepco01
5457,Cory Joseph,Timothe Luwawu-Cabarrot,2019-03-12,23.45,josepco01
5458,Cory Joseph,Seth Curry,2019-03-16,20.75,josepco01
5475,Aaron Gordon,Aaron Gordon,2017-10-18,34.21666666666667,gordoaa01
5583,Aaron Gordon,JaVale McGee,2019-03-02,36.4,gordoaa01
5584,Aaron Gordon,Elfrid Payton,2019-03-10,30.983333333333334,gordoaa01
5585,Aaron Gordon,Buddy Hield,2019-03-14,28.733333333333334,gordoaa01
5586,Aaron Gordon,Jonathon Simmons,2019-03-17,38.21666666666667,gordoaa01
5626,Jason Smith,Kevon Looney,2018-03-09,6.35,smithja02
5651,Jason Smith,Alize Johnson,2019-03-12,6.25,smithja02
5652,Jason Smith,LaMarcus Aldridge,2019-03-15,14.05,smithja02
5653,Nick Young,Nick Young,2017-10-17,26.166666666666668,youngni01
5711,Nick Young,Juan Jose Barea,2018-02-26,14.65,youngni01
5713,Nick Young,Klay Thompson,2018-03-02,22.833333333333332,youngni01
5714,Nick Young,Arron Afflalo,2018-03-09,23.916666666666668,youngni01
5715,Nick Young,Joe Ingles,2018-03-11,21.966666666666665,youngni01
5717,Nick Young,Milos Teodosic,2018-03-16,36.35,youngni01
5718,Nick Young,Justin Patton,2018-03-17,41.63333333333333,youngni01
5764,Raymond Felton,Raymond Felton,2017-10-19,15.866666666666667,feltora01
5918,JaVale McGee,Lonzo Ball,2018-02-26,14.583333333333334,mcgeeja01
5919,JaVale McGee,Cheick Diallo,2018-02-28,13.55,mcgeeja01
5921,JaVale McGee,C.J. McCollum,2018-03-06,14.8,mcgeeja01
5922,JaVale McGee,Chinanu Onuaku,2018-03-09,19.816666666666666,mcgeeja01
5924,JaVale McGee,Kelly Olynyk,2018-03-14,13.316666666666666,mcgeeja01
5925,JaVale McGee,Aron Baynes,2018-03-16,9.433333333333334,mcgeeja01
5997,JaVale McGee,Darius Miller,2019-03-15,30.25,mcgeeja01
6011,Anthony Brown,Anthony Brown,2018-04-01,3.7333333333333334,brownan02
6012,Channing Frye,Channing Frye,2017-10-20,1.2333333333333334,fryech01
6094,Channing Frye,Chimezie Metu,2019-03-12,13.833333333333334,fryech01
6158,Dirk Nowitzki,Eric Moreland,2018-02-26,24.8,nowitdi01
6161,Dirk Nowitzki,Khem Birch,2018-03-10,15.766666666666667,nowitdi01
6162,Dirk Nowitzki,Brandon Ingram,2018-03-13,21.6,nowitdi01
6201,Dirk Nowitzki,Zach LaVine,2019-02-27,21.833333333333332,nowitdi01
6205,Dirk Nowitzki,Chris Boucher,2019-03-08,18.516666666666666,nowitdi01
6222,Aaron Brooks,Aaron Brooks,2017-10-24,4.65,brookaa01
6250,Aaron Brooks,Ben McLemore,2018-02-26,1.0833333333333333,brookaa01
6254,Evan Fournier,Evan Fournier,2017-10-18,34.416666666666664,fournev01
6304,Evan Fournier,Lance Thomas,2018-02-26,34.96666666666667,fournev01
6306,Evan Fournier,Wilson Chandler,2018-03-07,19.3,fournev01
6366,Evan Fournier,Eric Gordon,2019-03-10,13.7,fournev01
6367,Evan Fournier,Cedi Osman,2019-03-14,29.366666666666667,fournev01
6483,Lance Thomas,Mitchell Robinson,2019-02-28,18.583333333333332,thomala01
6485,Lance Thomas,Jawun Evans,2019-03-06,14.233333333333333,thomala01
6486,Lance Thomas,Jeff Teague,2019-03-09,25.116666666666667,thomala01
6487,Lance Thomas,Quincy Pondexter,2019-03-12,12.116666666666667,thomala01
6488,Lance Thomas,Montrezl Harrell,2019-03-15,15.116666666666667,thomala01
6497,Chandler Parsons,Chandler Parsons,2017-10-18,15.266666666666667,parsoch01
6539,Chandler Parsons,Bruno Caboclo,2019-03-16,22.7,parsoch01
6585,Jared Dudley,Matt Costello,2018-02-28,9.383333333333333,dudleja01
6587,Jared Dudley,Maxi Kleber,2018-03-13,20.216666666666665,dudleja01
6588,Jared Dudley,Trevor Booker,2018-03-15,9.733333333333333,dudleja01
6589,Jared Dudley,Luke Kennard,2018-03-17,24.7,dudleja01
6702,John Jenkins,John Jenkins,2019-02-02,3.9166666666666665,jenkijo01
6778,E'Twaun Moore,Omri Casspi,2018-02-28,37.983333333333334,mooreet01
6779,E'Twaun Moore,Mike Scott,2018-03-04,30.45,mooreet01
6781,E'Twaun Moore,James Harden,2018-03-11,28.15,mooreet01
6852,E'Twaun Moore,Rudy Gay,2019-02-27,7.216666666666667,mooreet01
6855,Robin Lopez,Robin Lopez,2017-10-19,31.733333333333334,lopezro01
6911,Robin Lopez,LeBron James,2018-03-13,12.0,lopezro01
6968,Robin Lopez,Chandler Hutchison,2019-03-01,39.65,lopezro01
6969,Robin Lopez,Omari Spellman,2019-03-06,37.31666666666667,lopezro01
6982,Terrence Ross,Terrence Ross,2017-10-18,31.2,rosste01
7068,Terrence Ross,Jordan Loyd,2019-03-17,24.483333333333334,rosste01
7085,JaKarr Sampson,JaKarr Sampson,2017-10-21,5.933333333333334,sampsja02
7108,Tyler Johnson,Tyler Johnson,2017-10-18,21.3,johnsty01
7160,Tyler Johnson,Bryn Forbes,2018-03-05,18.066666666666666,johnsty01
7162,Tyler Johnson,Brice Johnson,2018-03-10,25.966666666666665,johnsty01
7230,Tyler Johnson,Miles Plumlee,2019-03-01,28.55,johnsty01
7231,Tyler Johnson,D'Angelo Russell,2019-03-04,34.6,johnsty01
7232,Tyler Johnson,Salah Mejri,2019-03-06,29.033333333333335,johnsty01
7242,Udonis Haslem,Caleb Swanigan,2018-03-03,0.7833333333333333,hasleud01
7376,Jeremy Lamb,Nemanja Bjelica,2019-03-01,34.71666666666667,lambje01
7377,Jeremy Lamb,Rodney McGruder,2019-03-06,27.416666666666668,lambje01
7421,Richaun Holmes,Dennis Schroder,2018-03-11,16.233333333333334,holmeri01
7491,Richaun Holmes,Kostas Antetokounmpo,2019-03-02,14.266666666666667,holmeri01
7492,Richaun Holmes,R.J. Hunter,2019-03-06,21.016666666666666,holmeri01
7493,Richaun Holmes,Josh Okogie,2019-03-10,13.816666666666666,holmeri01
7555,J.J. Barea,Deyonta Davis,2018-02-28,25.566666666666666,bareajo01
7557,J.J. Barea,Josh Huestis,2018-03-06,22.533333333333335,bareajo01
7559,J.J. Barea,Josh Jackson,2018-03-13,20.683333333333334,bareajo01
7645,Dewayne Dedmon,Patrick McCaw,2018-03-02,32.266666666666666,dedmode01
7647,Dewayne Dedmon,Tyler Zeller,2018-03-09,26.866666666666667,dedmode01
7649,Dewayne Dedmon,JaMychal Green,2018-03-15,21.733333333333334,dedmode01
7650,Dewayne Dedmon,Michael Beasley,2018-03-17,31.4,dedmode01
7651,Dewayne Dedmon,Jake Layman,2018-03-17,31.4,dedmode01
7714,Dewayne Dedmon,Michael Kidd-Gilchrist,2019-03-01,33.06666666666667,dedmode01
7716,Dewayne Dedmon,Jaren Jackson Jr.,2019-03-10,20.3,dedmode01
7718,Dewayne Dedmon,Jarell Martin,2019-03-17,24.6,dedmode01
7724,Kyle O'Quinn,Kyle O'Quinn,2017-10-19,21.766666666666666,oquinky01
7784,Kyle O'Quinn,Amir Johnson,2018-03-04,25.883333333333333,oquinky01
7785,Kyle O'Quinn,Dwight Buyks,2018-03-09,17.233333333333334,oquinky01
7786,Kyle O'Quinn,Kawhi Leonard,2018-03-13,21.1,oquinky01
7833,Kyle O'Quinn,Drew Eubanks,2019-02-27,10.816666666666666,oquinky01
7890,Elfrid Payton,Myke Henry,2018-02-26,35.95,paytoel01
7919,Elfrid Payton,Wendell Carter Jr.,2019-03-01,33.85,paytoel01
7921,Elfrid Payton,Isaiah Canaan,2019-03-04,32.15,paytoel01
7923,Elfrid Payton,Marc Gasol,2019-03-10,30.966666666666665,paytoel01
7936,Tony Snell,Tony Snell,2017-10-18,29.483333333333334,snellto01
8066,Tony Snell,Jeff Green,2019-02-27,20.65,snellto01
8067,Tony Snell,Alan Williams,2019-03-01,22.0,snellto01
8069,Tony Snell,B.J. Johnson,2019-03-04,20.183333333333334,snellto01
8085,Langston Galloway,Langston Galloway,2017-10-18,24.683333333333334,gallola01
8130,Langston Galloway,Malcolm Delaney,2018-02-26,3.9,gallola01
8131,Langston Galloway,Al Jefferson,2018-02-28,22.55,gallola01
8134,Langston Galloway,Jamel Artis,2018-03-05,10.316666666666666,gallola01
8273,Dwight Powell,Andre Roberson,2018-03-06,23.8,poweldw01
8275,Dwight Powell,Kyle Korver,2018-03-13,8.9,poweldw01
8342,Dwight Powell,Bam Adebayo,2019-02-27,37.1,poweldw01
8345,Dwight Powell,Jamal Crawford,2019-03-10,26.116666666666667,poweldw01
8346,Dwight Powell,Nik Stauskas,2019-03-12,39.21666666666667,poweldw01
8359,Jeremy Evans,Jeremy Evans,2018-04-04,5.35,evansje01
8387,D'Angelo Russell,Markel Brown,2018-03-11,28.166666666666668,russeda01
8388,D'Angelo Russell,Larry Drew,2018-03-17,28.666666666666668,russeda01
8460,D'Angelo Russell,Isaiah Briscoe,2019-03-02,23.433333333333334,russeda01
8478,James Johnson,James Johnson,2017-10-18,18.7,johnsja01
8530,James Johnson,Isaiah Whitehead,2018-03-01,25.066666666666666,johnsja01
8607,Shabazz Napier,Shabazz Napier,2017-10-18,22.7,napiesh01
8662,Shabazz Napier,Dragan Bender,2018-03-17,10.666666666666666,napiesh01
8724,Shabazz Napier,Landry Shamet,2019-02-27,23.483333333333334,napiesh01
8725,Shabazz Napier,Johnathan Williams,2019-03-01,3.8833333333333333,napiesh01
8852,Jerian Grant,Norman Powell,2019-03-14,22.183333333333334,grantje02
8947,Nik Stauskas,Noah Vonleh,2019-03-03,13.916666666666666,stausni01
9124,Devin Harris,Devin Harris,2017-10-18,16.4,harride01
9174,Devin Harris,Rashad Vaughn,2018-03-03,16.65,harride01
9178,Devin Harris,Courtney Lee,2018-03-13,13.766666666666667,harride01
9179,Devin Harris,C.J. Miles,2018-03-15,15.216666666666667,harride01
9238,Devin Harris,Harrison Barnes,2019-02-27,17.5,harride01
9362,Ish Smith,Daniel Theis,2018-02-28,23.733333333333334,smithis01
9365,Ish Smith,Omer Asik,2018-03-05,30.066666666666666,smithis01
9366,Ish Smith,Darrell Arthur,2018-03-09,31.316666666666666,smithis01
9410,Ish Smith,Angel Delgado,2019-02-27,18.916666666666668,smithis01
9412,Ish Smith,Daryl Macon,2019-03-08,24.766666666666666,smithis01
9413,Ish Smith,P.J. Tucker,2019-03-11,29.366666666666667,smithis01
9483,Draymond Green,Steven Adams,2018-02-26,31.816666666666666,greendr01
9487,Draymond Green,Chris McCullough,2018-03-17,34.583333333333336,greendr01
9551,Draymond Green,Dorian Finney-Smith,2019-03-02,34.88333333333333,greendr01
9553,Draymond Green,DeAndre Jordan,2019-03-10,31.616666666666667,greendr01
9554,Draymond Green,Luka Doncic,2019-03-16,34.4,greendr01
9581,DeMarcus Cousins,DeMarcus Cousins,2017-10-18,38.4,couside01
9646,DeMarcus Cousins,Yante Maten,2019-03-13,31.583333333333332,couside01
9951,LeBron James,Royce O'Neale,2019-03-04,42.4,jamesle01
10087,Rodney Hood,Rodney Hood,2017-10-18,17.666666666666668,hoodro01
10132,Rodney Hood,Justise Winslow,2018-03-05,30.066666666666666,hoodro01
10235,Paul George,Paul George,2017-10-19,39.1,georgpa01
10367,Paul George,OG Anunoby,2019-02-26,40.016666666666666,georgpa01
10369,Paul George,Khyri Thomas,2019-03-13,36.916666666666664,georgpa01
10437,DeAndre Jordan,Tim Frazier,2018-02-27,23.133333333333333,jordade01
10439,DeAndre Jordan,Michael Carter-Williams,2018-03-06,27.966666666666665,jordade01
10441,DeAndre Jordan,Kadeem Allen,2018-03-16,31.083333333333332,jordade01
10512,DeAndre Jordan,Domantas Sabonis,2019-03-10,15.15,jordade01
10519,Brook Lopez,Brook Lopez,2017-10-19,28.733333333333334,lopezbr01
10569,Brook Lopez,Terry Rozier,2018-03-05,26.15,lopezbr01
10570,Brook Lopez,Denzel Valentine,2018-03-07,34.5,lopezbr01
10571,Brook Lopez,John Holland,2018-03-11,32.766666666666666,lopezbr01
10572,Brook Lopez,Nigel Hayes,2018-03-13,25.983333333333334,lopezbr01
10574,Brook Lopez,Jameel Warney,2018-03-16,32.65,lopezbr01
10644,Brook Lopez,Thabo Sefolosha,2019-03-02,29.566666666666666,lopezbr01
10776,Devin Booker,Devin Booker,2017-10-18,27.066666666666666,bookede01
10824,Devin Booker,Lance Stephenson,2018-03-05,33.3,bookede01
10942,LaMarcus Aldridge,Andrew Harrison,2018-03-10,25.833333333333332,aldrila01
11078,Austin Rivers,Iman Shumpert,2018-02-27,29.133333333333333,riverau01
11151,Austin Rivers,Andre Drummond,2019-02-27,20.933333333333334,riverau01
11254,Rajon Rondo,Jarrett Jack,2018-03-06,29.45,rondora01
11387,Danilo Gallinari,Alec Burks,2019-03-04,28.466666666666665,gallida01
11389,Danilo Gallinari,Bruce Brown Jr.,2019-03-17,30.883333333333333,gallida01
11456,Danny Green,Rudy Gobert,2018-03-15,29.566666666666666,greenda02
11536,Danny Green,Tyreke Evans,2019-03-14,19.166666666666668,greenda02
11620,Dwight Howard,Dejounte Murray,2018-02-28,26.133333333333333,howardw01
11694,Darren Collison,Josh Magette,2018-03-11,24.233333333333334,collida01
11830,Chris Paul,Jamal Murray,2018-03-03,35.36666666666667,paulch01
11831,Chris Paul,Gary Harris,2018-03-07,33.68333333333333,paulch01
11886,Chris Paul,Troy Caupain,2019-03-03,33.75,paulch01
11887,Chris Paul,Zhaire Smith,2019-03-05,31.05,paulch01
11970,Kenneth Faried,Derrick White,2019-02-27,8.266666666666667,farieke01
11985,Ricky Rubio,Ricky Rubio,2017-10-18,31.766666666666666,rubiori01
12151,Isaiah Thomas,Cristiano Da Silva Felicio,2018-03-09,28.916666666666668,thomais02
12152,Isaiah Thomas,Abdel Nader,2018-03-14,36.61666666666667,thomais02
12162,Isaiah Thomas,Troy Daniels,2019-03-04,15.766666666666667,thomais02
12168,Jrue Holiday,Jrue Holiday,2017-10-18,38.5,holidjr01
12228,Jrue Holiday,Malcolm Brogdon,2018-03-04,32.11666666666667,holidjr01
12229,Jrue Holiday,Quincy Acy,2018-03-06,36.25,holidjr01
12420,Klay Thompson,Tomas Satoransky,2018-02-28,36.733333333333334,thompkl01
12497,Klay Thompson,Tristan Thompson,2019-03-08,35.4,thompkl01
12499,Klay Thompson,Donovan Mitchell,2019-03-16,34.06666666666667,thompkl01
12581,Kawhi Leonard,Rawle Alkins,2019-03-05,35.833333333333336,leonaka01
12667,Courtney Lee,Andrew Wiggins,2018-03-02,26.366666666666667,leeco01
12668,Courtney Lee,Shabazz Muhammad,2018-03-04,24.783333333333335,leeco01
12702,Courtney Lee,Malik Monk,2019-03-08,23.083333333333332,leeco01
12770,Marco Belinelli,Mangok Mathiang,2018-03-02,17.766666666666666,belinma01
12853,Marco Belinelli,Isaac Bonga,2019-03-04,25.75,belinma01
12854,Marco Belinelli,Antonio Blakeney,2019-03-06,24.516666666666666,belinma01
12923,George Hill,Timofey Mozgov,2018-03-01,22.483333333333334,hillge01
12925,George Hill,Jodie Meeks,2018-03-09,32.483333333333334,hillge01
12995,George Hill,Kalin Lucas,2019-03-17,10.85,hillge01
13018,Tony Allen,Tony Allen,2017-10-18,10.883333333333333,allento01
13040,John Henson,John Henson,2017-10-18,17.216666666666665,hensojo01
13097,John Henson,Jack Cooley,2018-03-09,31.216666666666665,hensojo01
13176,Wesley Johnson,Wade Baldwin,2018-02-27,15.766666666666667,johnswe01
13178,Wesley Johnson,Walt Lemon Jr.,2018-03-04,11.1,johnswe01
13225,Wesley Johnson,Kevin Huerter,2019-02-27,14.183333333333334,johnswe01
13371,Omri Casspi,Pascal Siakam,2018-03-02,5.5,casspom01
13470,Russell Westbrook,Dario Saric,2018-03-08,29.483333333333334,westbru01
13541,Russell Westbrook,Duncan Robinson,2019-03-13,35.81666666666667,westbru01
13703,Thaddeus Young,Guerschon Yabusele,2019-02-27,31.933333333333334,youngth01
13705,Thaddeus Young,Jalen Brunson,2019-03-16,34.38333333333333,youngth01
13865,Jae Crowder,Jonas Jerebko,2019-02-28,24.266666666666666,crowdja01
13866,Jae Crowder,Jacob Evans III,2019-03-02,31.916666666666668,crowdja01
13869,Jae Crowder,J.P. Macura,2019-03-08,31.95,crowdja01
13958,Patrick Beverley,Ed Davis,2019-03-01,31.266666666666666,beverpa01
14058,Kevin Love,Andre Iguodala,2019-02-28,28.35,loveke01
14109,Rudy Gay,Bradley Beal,2018-03-17,20.733333333333334,gayru01
14179,Rudy Gay,Derrick Jones Jr.,2019-03-06,34.36666666666667,gayru01
14259,Jamal Crawford,Isaiah Hicks,2018-03-02,28.9,crawfja01
14330,Jamal Crawford,George King,2019-03-04,13.4,crawfja01
14340,Gordon Hayward,Gordon Hayward,2017-10-17,5.25,haywago01
14395,Gordon Hayward,Bonzie Colson,2019-03-01,24.15,haywago01
14541,Marcus Smart,Deonte Burton,2019-03-05,25.1,smartma01
14869,Clint Capela,Dion Waiters,2018-03-12,25.866666666666667,capelca01
14934,Clint Capela,Dante Exum,2019-02-28,36.166666666666664,capelca01
14936,Clint Capela,Gary Clark,2019-03-05,33.916666666666664,capelca01
14961,Jeff Withey,Jeff Withey,2017-10-21,8.866666666666667,witheje01
15023,Andre Iguodala,Khris Middleton,2018-03-02,25.95,iguodan01
15024,Andre Iguodala,Serge Ibaka,2018-03-16,30.966666666666665,iguodan01
15098,Andre Iguodala,Justin Holiday,2019-03-16,23.383333333333333,iguodan01
15230,Amir Johnson,Jarred Vanderbilt,2019-03-06,20.016666666666666,johnsam01
15339,Will Barton,Josh Hart,2019-03-04,32.233333333333334,bartowi01
15505,Andrew Wiggins,Christian Wood,2019-02-27,40.75,wiggian01
15506,Andrew Wiggins,Joe Harris,2019-03-06,32.28333333333333,wiggian01
15576,Marc Gasol,Luke Babbitt,2018-03-12,30.516666666666666,gasolma01
15804,James Harden,Marcus Derrickson,2019-03-13,37.4,hardeja01
15881,Andre Drummond,Ron Baker,2018-02-26,34.93333333333333,drumman01
15884,Andre Drummond,Kentavious Caldwell-Pope,2018-03-05,29.783333333333335,drumman01
16016,Manu Ginóbili,Marreese Speights,2018-03-03,23.516666666666666,ginobma01
16020,Manu Ginóbili,Dillon Brooks,2018-03-17,16.866666666666667,ginobma01
16037,Mirza Teletovi?,Mirza Teletovic,2017-10-18,11.05,teletmi01
16102,Steven Adams,Xavier Munford,2018-03-02,32.88333333333333,adamsst01
16249,Serge Ibaka,Mario Chalmers,2018-03-07,12.316666666666666,ibakase01
16411,Enes Kanter,Emeka Okafor,2018-03-04,22.116666666666667,kanteen01
16628,Mike Conley,Mike Conley,2017-10-18,32.68333333333333,conlemi01
16713,Jabari Parker,Derrick Walton Jr.,2018-03-14,22.35,parkeja01
16790,T.J. Warren,T.J. Warren,2017-10-18,27.883333333333333,warretj01
16895,Evan Turner,Evan Turner,2017-10-18,25.333333333333332,turneev01
16952,Evan Turner,Markelle Fultz,2018-03-06,20.516666666666666,turneev01
17118,Aron Baynes,Brandon Paul,2018-02-28,21.733333333333334,baynear01
17184,Aron Baynes,Andrew Bogut,2019-03-16,17.416666666666668,baynear01
17314,Kyrie Irving,Sindarius Thornwell,2019-03-03,35.53333333333333,irvinky01
17388,Jeremy Lin,Troy Brown,2019-03-01,16.5,linje01
17439,Trevor Ariza,Trevor Ariza,2017-10-17,37.65,arizatr01
17690,Eric Gordon,Scotty Hopson,2019-03-03,35.45,gordoer01
17691,Eric Gordon,Isaiah Hartenstein,2019-03-05,31.283333333333335,gordoer01
17805,Michael Carter-Williams,Danuel House,2018-02-28,18.866666666666667,cartemi01
17898,David West,Charles Cooke,2018-03-17,17.05,westda01
17956,Joe Johnson,Zach Randolph,2018-03-11,26.533333333333335,johnsjo02
17992,Darrell Arthur,Sean Kilpatrick,2018-03-13,0.11666666666666667,arthuda01
18113,Kentavious Caldwell-Pope,Furkan Korkmaz,2018-03-13,36.43333333333333,caldwke01
18265,Bojan Bogdanovi?,Jason Terry,2018-03-04,37.766666666666666,bogdabo02
18267,Bojan Bogdanovi?,Joakim Noah,2018-03-09,30.45,bogdabo02
18430,Khris Middleton,C.J. Wilcox,2018-03-12,35.4,middlkh01
18595,Lance Stephenson,Jaylen Morris,2018-03-09,16.266666666666666,stephla01
18748,P.J. Tucker,Stephen Curry,2018-03-11,20.016666666666666,tuckepj01
18907,Trevor Booker,Ivan Rabb,2018-03-09,17.766666666666666,booketr01
18984,Kosta Koufos,Alexis Ajinca,2018-03-09,38.233333333333334,koufoko01
19089,Giannis Antetokounmpo,Xavier Rathan-Mayes,2018-03-12,27.766666666666666,antetgi01
19272,Luc Mbah a Moute,Marcus Thornton,2018-03-03,15.066666666666666,mbahalu01
19472,Ty Lawson,Ty Lawson,2018-04-17,31.333333333333332,lawsoty01
19539,Patty Mills,Jarell Eddie,2018-03-05,23.233333333333334,millspa02
19622,Patty Mills,Miles Bridges,2019-03-06,21.666666666666668,millspa02
19623,Patty Mills,Keita Bates-Diop,2019-03-12,22.05,millspa02
19697,Shaun Livingston,Kyle Kuzma,2018-03-11,20.933333333333334,livinsh01
19996,Gary Harris,Kobi Simmons,2018-03-07,38.25,harriga01
20034,Gary Harris,Henry Ellenson,2019-02-26,22.633333333333333,harriga01
20036,Gary Harris,Pat Connaughton,2019-03-02,25.866666666666667,harriga01
20129,Trey Lyles,Julyan Stone,2018-03-13,16.166666666666668,lylestr01
20267,Karl-Anthony Towns,James Young,2018-03-02,20.016666666666666,townska01
20354,Willie Reed,Willie Reed,2017-10-19,13.05,reedwi02
20664,Cole Aldrich,Cole Aldrich,2017-10-24,4.65,aldrico01
20960,Tyus Jones,Derrick Rose,2019-03-17,29.35,jonesty01
21430,Jonathon Simmons,Jakob Poeltl,2019-03-10,1.15,simmojo02
21662,Nemanja Bjelica,Amile Jefferson,2018-03-02,45.0,bjeline01
21983,Corey Brewer,Ray Spalding,2019-03-06,10.233333333333333,breweco01
22164,Reggie Jackson,Spencer Dinwiddie,2019-03-11,18.133333333333333,jacksre01
22377,Tony Parker,Rodney Purvis,2018-03-13,19.666666666666668,parketo01
22449,Tony Parker,Justin Bibbs,2019-03-17,17.433333333333334,parketo01
22506,Kelly Olynyk,Shane Larkin,2018-03-08,23.683333333333334,olynyke01
22692,Tyson Chandler,Gary Trent Jr.,2019-02-27,1.7166666666666666,chandty01
22845,Brandon Jennings,Brandon Jennings,2018-03-19,13.5,jennibr01
22980,Richard Jefferson,Richard Jefferson,2017-10-29,1.8666666666666667,jefferi01
23113,Stanley Johnson,Anfernee Simons,2019-02-27,1.3166666666666667,johnsst04
23168,Myles Turner,Eric Bledsoe,2018-02-28,15.633333333333333,turnemy01
23427,Johnny O'Bryant,Johnny O'Bryant,2017-10-20,14.1,obryajo01
23747,J.R. Smith,Ivica Zubac,2018-03-05,21.7,smithjr01
23953,Tyler Zeller,Jalen Jones,2018-02-28,10.7,zellety01
24237,Anthony Tolliver,Anthony Tolliver,2017-10-21,19.883333333333333,tollian01
24353,Anthony Tolliver,Dwayne Bacon,2019-03-06,19.9,tollian01
24373,Aaron Harrison,Aaron Harrison,2018-03-27,24.966666666666665,harriaa01
24421,Vince Carter,Dakari Johnson,2018-03-03,25.533333333333335,cartevi01
24542,JaMychal Green,Joseph Young,2018-02-26,33.61666666666667,greenja01
24761,Joe Ingles,Rodions Kurucs,2019-03-06,38.3,inglejo01
24878,Avery Bradley,Ben Moore,2019-02-27,37.63333333333333,bradlav01
24879,Avery Bradley,Vincent Edwards,2019-03-03,35.46666666666667,bradlav01
24882,Kyle Singler,Kyle Singler,2017-11-12,2.433333333333333,singlky01
25031,Jusuf Nurki?,Deandre Ayton,2019-03-16,33.666666666666664,nurkiju01
25597,Josh Smith,Josh Smith,2017-10-30,2.6666666666666665,smithjo03
25599,Adreian Payne,Adreian Payne,2017-12-13,0.9833333333333333,paynead01
25622,Raul Neto,Raulzinho Neto,2017-10-21,10.783333333333333,netora01
26010,CJ McCollum,Zach Collins,2018-03-01,37.9,mccolcj01
26235,Al Horford,Al Horford,2017-10-17,32.11666666666667,horfoal01
26375,Al Horford,Shake Milton,2019-03-05,21.766666666666666,horfoal01
27135,Shelvin Mack,Brandan Wright,2018-03-07,19.4,macksh01
27344,Mason Plumlee,Tyler Ennis,2018-03-03,15.783333333333333,plumlma01
27420,Mason Plumlee,Ryan Broekhoff,2019-03-04,14.266666666666667,plumlma01
28373,Justise Winslow,Devin Robinson,2019-03-08,34.983333333333334,winslju01
28657,Damian Lillard,Trevon Duval,2019-03-15,35.06666666666667,lillada01
28872,Joe Young,Ike Anigbogu,2018-02-28,17.083333333333332,youngjo01
28880,Lucas Nogueira,Lucas Nogueira,2017-10-23,19.183333333333334,noguelu01
29105,Miles Plumlee,Kay Felder,2018-03-09,18.333333333333332,plumlmi01
29237,Norman Powell,Jerome Robinson,2019-03-08,22.166666666666668,powelno01
29428,Glenn Robinson,Tyler Ulis,2018-03-04,10.833333333333334,robingl02
29431,Glenn Robinson,Erik McCree,2018-03-11,12.683333333333334,robingl02
29478,Glenn Robinson,Svi Mykhailiuk,2019-03-08,3.9166666666666665,robingl02
29479,Glenn Robinson,Shai Gilgeous-Alexander,2019-03-11,9.15,robingl02
29636,Darrun Hilliard,Darrun Hilliard,2017-11-05,8.233333333333333,hillida01
29725,Tarik Black,Tarik Black,2017-10-21,12.783333333333333,blackta01
29763,Tarik Black,Travis Wear,2018-03-07,8.133333333333333,blackta01
29837,Dennis Schröder,Lorenzo Brown,2018-03-02,37.15,schrode01
30019,Tim Hardaway,Troy Williams,2019-02-27,35.766666666666666,hardati02
30174,Justin Anderson,Jordan Bell,2018-03-11,6.0,anderju01
30231,Nenê Hilário,Nene Hilario,2017-10-18,17.616666666666667,hilarne01
30506,Luis Montero,Luis Montero,2017-12-30,1.4666666666666666,montelu01
30546,Rudy Gobert,Jabari Bird,2018-02-26,36.13333333333333,goberru01
30810,James Ennis,D.J. Augustin,2018-03-13,11.55,ennisja01
31115,Emmanuel Mudiay,Jordan Sibert,2019-03-04,19.466666666666665,mudiaem01
31342,Salah Mejri,D.J. Wilson,2019-03-12,1.8666666666666667,mejrisa01
31636,D.J. Augustin,Jonah Bolden,2019-03-10,31.366666666666667,augusdj01
31741,Cristiano Felício,Derrick Williams,2018-03-13,29.816666666666666,feliccr01
32419,Michael Kidd-Gilchrist,Devonte' Graham,2019-03-17,12.05,kiddgmi01
32427,Jordan McRae,Jordan McRae,2018-10-18,0.18333333333333332,mcraejo01
32454,Josh McRoberts,Josh McRoberts,2018-01-09,2.6166666666666667,mcrobjo01
32559,Jimmer Fredette,Jimmer Fredette,2019-03-23,4.35,fredeji01
32674,Donatas Motiej?nas,Donatas Motiejunas,2019-04-05,4.35,motiedo01
32681,James Michael McAdoo,James McAdoo,2017-11-11,6.866666666666666,mcadoja01
32781,Briante Weber,Briante Weber,2017-11-22,8.216666666666667,weberbr01
32794,Briante Weber,Guillermo Hernangomez,2018-03-15,20.8,weberbr01
32861,Rondae Hollis-Jefferson,DeAndre Liggins,2018-03-11,22.883333333333333,holliro01
33582,Mindaugas Kuzminskas,Mindaugas Kuzminskas,2017-11-08,1.85,kuzmimi01
35578,Sam Dekker,Demetrius Jackson,2018-02-27,9.433333333333334,dekkesa01
35820,Domantas Sabonis,Marcus Georges-Hunt,2018-03-11,18.55,sabondo01
36246,Nicolás Brussino,Nicolas Brussino,2017-10-20,2.6,brussni01
37055,Malachi Richardson,Malachi Richardson,2017-10-18,5.533333333333333,richama01
37306,Tomá? Satoranský,Reggie Hearn,2018-03-09,31.3,satorto01
37308,Tomá? Satoranský,David Nwaba,2018-03-17,36.11666666666667,satorto01
37619,Taurean Waller-Prince,Isaiah Taylor,2018-03-09,18.366666666666667,princta02
37750,Bobby Brown,Bobby Brown,2017-10-21,5.433333333333334,brownbo02
38002,Cheick Diallo,Marcus Paige,2018-03-04,23.15,diallch01
38233,Joel Bolomboy,Joel Bolomboy,2017-11-18,3.1666666666666665,bolomjo01
38354,Thon Maker,Lonnie Walker IV,2019-03-06,14.166666666666666,makerth01
38743,Georgios Papagiannis,Georgios Papagiannis,2017-10-29,6.733333333333333,papagge01
38811,Malik Beasley,Zhou Qi,2018-03-07,6.666666666666667,beaslma01
39066,Tim Quarterman,Tim Quarterman,2018-04-01,2.2333333333333334,quartti01
39285,Jonathan Gibson,Jonathan Gibson,2018-04-08,3.0833333333333335,gibsojo01
39519,Chasson Randle,Chasson Randle,2018-12-22,18.933333333333334,randlch01
39558,Okaro White,Okaro White,2017-10-25,0.3,whiteok01
39808,Jordan Crawford,Jordan Crawford,2017-10-18,12.666666666666666,crawfjo02
40025,Gary Payton,Gary Payton II,2017-10-23,3.433333333333333,paytoga02
41033,Mike James,Mike James,2017-10-18,10.6,jamesmi02
42186,Justin Jackson,Robert Williams,2019-03-06,25.383333333333333,jacksju01
42329,Damien Wilkins,Damien Wilkins,2017-10-18,11.016666666666667,wilkida02
42438,T.J. Leaf,Terrence Jones,2019-02-27,16.5,leaftj01
42886,Darius Miller,Trevon Bluiett,2019-03-12,28.916666666666668,milleda01
44093,Damyean Dotson,Jared Terrell,2019-03-12,36.36666666666667,dotsoda01
44569,Jarrett Allen,Jevon Carter,2019-02-27,22.433333333333334,allenja01
44711,Gian Clavell,Gian Clavell,2017-10-20,9.966666666666667,clavegi01
46194,Wesley Iwundu,Jaron Blossomgame,2019-03-03,13.483333333333333,iwundwe01
46479,Jacob Wiley,Jacob Wiley,2017-10-29,4.816666666666666,wileyja01
46610,Vander Blue,Vander Blue,2017-11-09,3.1,blueva01
46771,Nate Wolters,Nate Wolters,2017-11-17,3.1166666666666667,woltena01
46783,Jamil Wilson,Jamil Wilson,2017-11-20,1.65,wilsoja02
46821,Jacob Pullen,Jacob Pullen,2017-11-20,0.9,pulleja01
46965,Vince Hunter,Vince Hunter,2017-12-01,2.716666666666667,huntevi01
47258,Thomas Bryant,Tahjere McCall,2019-03-09,15.25,bryanth01
47468,Josh Gray,Josh Gray,2018-02-06,16.7,grayjo01
47578,Andrew White,Andrew White III,2018-02-14,16.733333333333334,whitean01
47762,David Stockton,David Stockton,2018-03-25,3.0,stockda01
47767,MarShon Brooks,MarShon Brooks,2018-03-28,21.366666666666667,brookma01
47801,Marquis Teague,Marquis Teague,2018-03-30,25.466666666666665,teaguma01
47804,Xavier Silas,Xavier Silas,2018-03-31,0.16666666666666666,silasxa01
47810,Andre Ingram,Andre Ingram,2018-04-11,34.916666666666664,ingraan01
47843,Aaron Jackson,Aaron Jackson,2018-04-18,3.2333333333333334,jacksaa01
49389,Zach Lofton,Zach Lofton,2018-10-17,3.75,loftoza01
50066,DeVaughn Akoon-Purcell,DeVaughn Akoon-Purcell,2018-10-23,2.75,akoonde01
50127,James Nunnally,James Nunnally,2018-10-26,3.8666666666666667,nunnaja01
50360,Tyler Davis,Tyler Davis,2018-11-28,0.9,davisty01
50427,D.J. Stephens,D.J. Stephens,2018-12-08,6.733333333333333,stephdj01
50577,Mitch Creek,Mitch Creek,2019-01-28,18.616666666666667,creekmi01
50581,Emanuel Terry,Emanuel Terry,2019-01-29,10.666666666666666,terryem01
50635,Chris Chiozza,Chris Chiozza,2019-03-26,1.25,chiozch01
50641,Scott Machado,Scott Machado,2019-03-24,1.6333333333333333,machasc01
50653,Dusty Hannahs,Dusty Hannahs,2019-03-31,13.65,hannadu01
50655,Isaac Humphries,Isaac Humphries,2019-04-02,18.316666666666666,humphis01
50660,Billy Garrett,Billy Garrett,2019-04-05,25.116666666666667,garrebi01
50665,,Cameron Oliver,2017-10-17,,
50666,,Devin Williams,2017-10-17,,
50667,,L.J. Peak,2017-10-17,,
50668,,George de Paula,2017-10-17,,
50669,,Alex Hamilton,2017-10-17,,
50670,,Chris Johnson,2017-10-17,,
50671,,Walter Tavares,2017-10-17,,
50672,,Jonathan Holmes,2017-10-17,,
50673,,Michael Gbinije,2017-10-17,,
50698,,Kendrick Perkins,2017-10-17,,perkike01
50708,,Eric Griffin,2017-10-18,,
50709,,Yakuba Ouattara,2017-10-18,,
50711,,Michael Young,2017-10-18,,
50713,,A.J. Hammons,2017-10-18,,
50714,,Sheldon McClellan,2017-10-18,,
50715,,Carrick Felix,2017-10-18,,
50741,,Matt Williams,2017-10-18,,willima05
50849,,K.J. McDaniels,2017-10-19,,
56061,,Matt Williams Jr.,2017-12-20,,
60921,,Brandon Rush,2018-02-23,,
61769,,Le'Bryan Nash,2018-03-25,,
61902,,C.J. Fair,2018-03-27,,
63037,,Omari Johnson,2018-04-09,,
64367,,Bryce Alford,2018-10-16,,
64368,,Jeff Roberson,2018-10-16,,
64369,,Nick King,2018-10-16,,
64370,,Kendrick Nunn,2018-10-16,,
64371,,Norvel Pelle,2018-10-16,,
64372,,Richard Solomon,2018-10-16,,
64373,,Abdul Gaddy,2018-10-16,,
64401,,Mohamed Bamba,2018-10-17,,
64404,,Billy Preston,2018-10-17,,
64405,,Keenan Evans,2018-10-17,,
70833,,Jarnell Stokes,2019-01-04,,
72399,,Stephan Hicks,2019-01-23,,
75436,,Cody Demps,2019-03-26,,
76003,,Jemerrio Jones,2019-04-02,,
76907,,Michael Frazier,2019-04-14,,
